{
  "id": "17c61add-62b3-46fd-8e6a-deea394aa141",
  "name": "parteilos-01",
  "seats": 1,
  "votingsSuccessRate": 0.7321131447587355,
  "uniformityScore": 1,
  "participationRate": 0.8427620632279534,
  "abstentionRate": 0.10430786284800443
}