{
  "id": "17c61add-62b3-46fd-8e6a-deea394aa141",
  "name": "parteilos-01",
  "seats": 1,
  "votingsSuccessRate": 0.7354497354497355,
  "uniformityScore": 1,
  "participationRate": 0.8526077097505669,
  "abstentionRate": 0.10847689502234986
}