{
  "id": "17c61add-62b3-46fd-8e6a-deea394aa141",
  "name": "parteilos-01",
  "seats": 1,
  "votingsSuccessRate": 0.7262617621899059,
  "uniformityScore": 1,
  "participationRate": 0.8383233532934131,
  "abstentionRate": 0.10353948746781731
}