{
  "id": "17c61add-62b3-46fd-8e6a-deea394aa141",
  "name": "parteilos-01",
  "seats": 1,
  "votingsSuccessRate": 0.730799683293745,
  "uniformityScore": 1,
  "participationRate": 0.8471892319873318,
  "abstentionRate": 0.10952454342605888
}