{
  "id": "2d62d767-a2af-47f5-ba55-6f3381540a6c",
  "name": "CDU",
  "seats": 10,
  "votingsSuccessRate": 0.8302828618968386,
  "uniformityScore": 0.9341949048076962,
  "participationRate": 0.7137271214642263,
  "abstentionRate": 0.07709956099805514
}