{
  "id": "2d62d767-a2af-47f5-ba55-6f3381540a6c",
  "name": "CDU",
  "seats": 10,
  "votingsSuccessRate": 0.8092386655260907,
  "uniformityScore": 0.9344505173638903,
  "participationRate": 0.7156114075886925,
  "abstentionRate": 0.07702937837780408
}