{
  "id": "2d62d767-a2af-47f5-ba55-6f3381540a6c",
  "name": "CDU",
  "seats": 10,
  "votingsSuccessRate": 0.8266033254156769,
  "uniformityScore": 0.9333425865323038,
  "participationRate": 0.7209026128266033,
  "abstentionRate": 0.08249038399966492
}