{
  "id": "2d62d767-a2af-47f5-ba55-6f3381540a6c",
  "name": "CDU",
  "seats": 10,
  "votingsSuccessRate": 0.8306878306878307,
  "uniformityScore": 0.9338951264572551,
  "participationRate": 0.7241118669690099,
  "abstentionRate": 0.0812621972111069
}