{
  "id": "45b6daa8-4ab1-4dbe-9736-0c0956be92d1",
  "name": "Gartenpartei",
  "seats": 2,
  "votingsSuccessRate": 0.5936698032506416,
  "uniformityScore": 0.9492320210828266,
  "participationRate": 0.873984501373824,
  "abstentionRate": 0.1245343317004589
}