{
  "id": "45b6daa8-4ab1-4dbe-9736-0c0956be92d1",
  "name": "Gartenpartei",
  "seats": 2,
  "votingsSuccessRate": 0.6137566137566137,
  "uniformityScore": 0.9534453906740995,
  "participationRate": 0.871504157218443,
  "abstentionRate": 0.12656090240807794
}