{
  "id": "45b6daa8-4ab1-4dbe-9736-0c0956be92d1",
  "name": "Gartenpartei",
  "seats": 2,
  "votingsSuccessRate": 0.6156405990016639,
  "uniformityScore": 0.9501218014573546,
  "participationRate": 0.872712146422629,
  "abstentionRate": 0.12175484165287637
}