{
  "id": "45b6daa8-4ab1-4dbe-9736-0c0956be92d1",
  "name": "Gartenpartei",
  "seats": 2,
  "votingsSuccessRate": 0.6120348376880443,
  "uniformityScore": 0.9515056152855204,
  "participationRate": 0.8749010292953285,
  "abstentionRate": 0.12419538445285898
}