{
  "id": "62c61848-dc4c-4978-9df4-9e66ccd1878d",
  "name": "DIE LINKE",
  "seats": 8,
  "votingsSuccessRate": 0.8652246256239601,
  "uniformityScore": 0.9600250213395121,
  "participationRate": 0.7700707154742097,
  "abstentionRate": 0.0876737866691715
}