{
  "id": "62c61848-dc4c-4978-9df4-9e66ccd1878d",
  "name": "DIE LINKE",
  "seats": 8,
  "votingsSuccessRate": 0.8558986539984165,
  "uniformityScore": 0.9594137784194002,
  "participationRate": 0.7689034045922407,
  "abstentionRate": 0.08789138617726384
}