{
  "id": "62c61848-dc4c-4978-9df4-9e66ccd1878d",
  "name": "DIE LINKE",
  "seats": 8,
  "votingsSuccessRate": 0.853721129170231,
  "uniformityScore": 0.9613694618346112,
  "participationRate": 0.7814071921308338,
  "abstentionRate": 0.08548028897546402
}