{
  "id": "62c61848-dc4c-4978-9df4-9e66ccd1878d",
  "name": "DIE LINKE",
  "seats": 8,
  "votingsSuccessRate": 0.8578987150415722,
  "uniformityScore": 0.9604419891873861,
  "participationRate": 0.7762660619803476,
  "abstentionRate": 0.08522096882541139
}