{
  "id": "6746140d-a464-46d2-8d2b-43f2eb2c90e6",
  "name": "SPD",
  "seats": 10,
  "votingsSuccessRate": 0.93261231281198,
  "uniformityScore": 0.9844270195770631,
  "participationRate": 0.7712978369384359,
  "abstentionRate": 0.02123554785499199
}