{
  "id": "6746140d-a464-46d2-8d2b-43f2eb2c90e6",
  "name": "SPD",
  "seats": 10,
  "votingsSuccessRate": 0.93071000855432,
  "uniformityScore": 0.9838913331391059,
  "participationRate": 0.769803250641574,
  "abstentionRate": 0.022028623721678957
}