{
  "id": "6746140d-a464-46d2-8d2b-43f2eb2c90e6",
  "name": "SPD",
  "seats": 10,
  "votingsSuccessRate": 0.9259259259259259,
  "uniformityScore": 0.9833736776830293,
  "participationRate": 0.7787603930461073,
  "abstentionRate": 0.0222429881795981
}