{
  "id": "6746140d-a464-46d2-8d2b-43f2eb2c90e6",
  "name": "SPD",
  "seats": 10,
  "votingsSuccessRate": 0.9239904988123515,
  "uniformityScore": 0.9835200346235258,
  "participationRate": 0.7760095011876484,
  "abstentionRate": 0.023082973798192463
}