{
  "id": "78cf06ec-6570-4bf9-9a87-92c8fdf1df30",
  "name": "Bündnis 90/Die Grünen",
  "seats": 9,
  "votingsSuccessRate": 0.8802395209580839,
  "uniformityScore": 0.9460629929059788,
  "participationRate": 0.7493579266003153,
  "abstentionRate": 0.04587546048218487
}