{
  "id": "78cf06ec-6570-4bf9-9a87-92c8fdf1df30",
  "name": "Bündnis 90/Die Grünen",
  "seats": 9,
  "votingsSuccessRate": 0.885193982581156,
  "uniformityScore": 0.9449376767090477,
  "participationRate": 0.7500659804697809,
  "abstentionRate": 0.0474157593708305
}