{
  "id": "78cf06ec-6570-4bf9-9a87-92c8fdf1df30",
  "name": "Bündnis 90/Die Grünen",
  "seats": 9,
  "votingsSuccessRate": 0.8860232945091514,
  "uniformityScore": 0.9460616343462296,
  "participationRate": 0.7480125716398595,
  "abstentionRate": 0.045832064151539655
}