{
  "id": "78cf06ec-6570-4bf9-9a87-92c8fdf1df30",
  "name": "Bündnis 90/Die Grünen",
  "seats": 9,
  "votingsSuccessRate": 0.8851095993953136,
  "uniformityScore": 0.9437433442438603,
  "participationRate": 0.7508188460569413,
  "abstentionRate": 0.04707071629758458
}