{
  "id": "8234f99d-a682-4254-830f-fa8432ddf1d6",
  "name": "AfD",
  "seats": 8,
  "votingsSuccessRate": 0.5876817792985458,
  "uniformityScore": 0.9876924324763467,
  "participationRate": 0.7053036783575706,
  "abstentionRate": 0.11704808975110419
}