{
  "id": "8234f99d-a682-4254-830f-fa8432ddf1d6",
  "name": "AfD",
  "seats": 8,
  "votingsSuccessRate": 0.5787806809184481,
  "uniformityScore": 0.9876629175809591,
  "participationRate": 0.7126880443388757,
  "abstentionRate": 0.11101050094728056
}