{
  "id": "8234f99d-a682-4254-830f-fa8432ddf1d6",
  "name": "AfD",
  "seats": 8,
  "votingsSuccessRate": 0.5898502495840267,
  "uniformityScore": 0.987788369755592,
  "participationRate": 0.7061148086522463,
  "abstentionRate": 0.1137157397794927
}