{
  "id": "8234f99d-a682-4254-830f-fa8432ddf1d6",
  "name": "AfD",
  "seats": 8,
  "votingsSuccessRate": 0.5774754346182918,
  "uniformityScore": 0.9881564008777208,
  "participationRate": 0.7127739984882842,
  "abstentionRate": 0.11457008090938935
}