{
  "id": "9261153c-efbe-4573-bfad-5153e656ab45",
  "name": "future! Magdeburg",
  "seats": 2,
  "votingsSuccessRate": 0.8798185941043084,
  "uniformityScore": 0.9699569646383039,
  "participationRate": 0.8590325018896448,
  "abstentionRate": 0.05116482158881966
}