{
  "id": "9261153c-efbe-4573-bfad-5153e656ab45",
  "name": "future! Magdeburg",
  "seats": 2,
  "votingsSuccessRate": 0.8768718801996672,
  "uniformityScore": 0.97030554627102,
  "participationRate": 0.8523294509151415,
  "abstentionRate": 0.04989405055092657
}