{
  "id": "9261153c-efbe-4573-bfad-5153e656ab45",
  "name": "future! Magdeburg",
  "seats": 2,
  "votingsSuccessRate": 0.8764845605700713,
  "uniformityScore": 0.9697468381648999,
  "participationRate": 0.8539192399049881,
  "abstentionRate": 0.052255022488353814
}