{
  "id": "9261153c-efbe-4573-bfad-5153e656ab45",
  "name": "future! Magdeburg",
  "seats": 2,
  "votingsSuccessRate": 0.8751069289991446,
  "uniformityScore": 0.9696445036084079,
  "participationRate": 0.8485885372112917,
  "abstentionRate": 0.050095846237125714
}