{
  "id": "ab0a2e20-84fc-4c0f-9137-67e9aca52970",
  "name": "Tierschutzpartei",
  "seats": 3,
  "votingsSuccessRate": 0.8410981697171381,
  "uniformityScore": 0.8849141109660725,
  "participationRate": 0.8410981697171381,
  "abstentionRate": 0.14595921838313683
}