{
  "id": "ab0a2e20-84fc-4c0f-9137-67e9aca52970",
  "name": "Tierschutzpartei",
  "seats": 3,
  "votingsSuccessRate": 0.8502994011976048,
  "uniformityScore": 0.8879473970017205,
  "participationRate": 0.8366124893071001,
  "abstentionRate": 0.14892063372745756
}