{
  "id": "ab0a2e20-84fc-4c0f-9137-67e9aca52970",
  "name": "Tierschutzpartei",
  "seats": 3,
  "votingsSuccessRate": 0.8435374149659864,
  "uniformityScore": 0.8891209820887868,
  "participationRate": 0.8228772990677753,
  "abstentionRate": 0.14779614211467168
}