{
  "id": "ab0a2e20-84fc-4c0f-9137-67e9aca52970",
  "name": "Tierschutzpartei",
  "seats": 3,
  "votingsSuccessRate": 0.823781009409752,
  "uniformityScore": 0.8879473970017205,
  "participationRate": 0.8603622608090791,
  "abstentionRate": 0.14892063372745756
}