{
  "id": "ab0a2e20-84fc-4c0f-9137-67e9aca52970",
  "name": "Tierschutzpartei",
  "seats": 3,
  "votingsSuccessRate": 0.8408551068883611,
  "uniformityScore": 0.8876260230091528,
  "participationRate": 0.8310899973607813,
  "abstentionRate": 0.1494404258138941
}