{
  "id": "ae453925-3fb7-405c-8a2e-ca226f747a4e",
  "name": "Tierschutzallianz",
  "seats": 1,
  "votingsSuccessRate": 0.599366587490103,
  "uniformityScore": 1,
  "participationRate": 0.7735550277117973,
  "abstentionRate": 0.10605960170935802
}