{
  "id": "ae453925-3fb7-405c-8a2e-ca226f747a4e",
  "name": "Tierschutzallianz",
  "seats": 1,
  "votingsSuccessRate": 0.6092214663643235,
  "uniformityScore": 1,
  "participationRate": 0.7838246409674982,
  "abstentionRate": 0.10781721764098369
}