{
  "id": "ae453925-3fb7-405c-8a2e-ca226f747a4e",
  "name": "Tierschutzallianz",
  "seats": 1,
  "votingsSuccessRate": 0.629783693843594,
  "uniformityScore": 1,
  "participationRate": 0.8128119800332779,
  "abstentionRate": 0.11067088874019967
}