{
  "id": "ae453925-3fb7-405c-8a2e-ca226f747a4e",
  "name": "Tierschutzallianz",
  "seats": 1,
  "votingsSuccessRate": 0.6852010265183918,
  "uniformityScore": 1,
  "participationRate": 0.8083832335329342,
  "abstentionRate": 0.1101917418096578
}