{
  "id": "b2e53bbe-c940-4ae1-873f-86fa9db93f13",
  "name": "FDP",
  "seats": 3,
  "votingsSuccessRate": 0.7728785357737105,
  "uniformityScore": 0.8924157818469071,
  "participationRate": 0.697171381031614,
  "abstentionRate": 0.14410856083559886
}