{
  "id": "b2e53bbe-c940-4ae1-873f-86fa9db93f13",
  "name": "FDP",
  "seats": 3,
  "votingsSuccessRate": 0.7228400342172797,
  "uniformityScore": 0.8930352319859538,
  "participationRate": 0.7030978269637723,
  "abstentionRate": 0.14239448715457237
}