{
  "id": "b2e53bbe-c940-4ae1-873f-86fa9db93f13",
  "name": "FDP",
  "seats": 3,
  "votingsSuccessRate": 0.7695961995249406,
  "uniformityScore": 0.8913429020477305,
  "participationRate": 0.6904196357878069,
  "abstentionRate": 0.14425157845105546
}