{
  "id": "b2e53bbe-c940-4ae1-873f-86fa9db93f13",
  "name": "FDP",
  "seats": 3,
  "votingsSuccessRate": 0.7664399092970522,
  "uniformityScore": 0.8900939478705832,
  "participationRate": 0.6963970773494583,
  "abstentionRate": 0.1439259597574577
}