{
  "id": "0c96deb0-8a5e-4cb7-aea7-b167a0c9f472",
  "name": "FDP/Tierschutzpartei",
  "membersCount": 6,
  "applicationsSuccessRate": 0.8544303797468354,
  "votingsSuccessRate": 0.7758768177929855,
  "uniformityScore": 0.8127088287364582
}