{
  "id": "0c96deb0-8a5e-4cb7-aea7-b167a0c9f472",
  "name": "FDP/Tierschutzpartei",
  "seats": 6,
  "applicationsSuccessRate": 0.844311377245509,
  "votingsSuccessRate": 0.836104513064133,
  "uniformityScore": 0.8079670997424269,
  "participationRate": 0.760754816574294,
  "abstentionRate": 0.15295719327082338
}