{
  "id": "0c96deb0-8a5e-4cb7-aea7-b167a0c9f472",
  "name": "FDP/Tierschutzpartei",
  "seats": 6,
  "applicationsSuccessRate": 0.8362573099415205,
  "votingsSuccessRate": 0.8374905517762661,
  "uniformityScore": 0.809781749086063,
  "participationRate": 0.7596371882086168,
  "abstentionRate": 0.1518722388733238
}