{
  "id": "0c96deb0-8a5e-4cb7-aea7-b167a0c9f472",
  "name": "FDP/Tierschutzpartei",
  "seats": 6,
  "applicationsSuccessRate": 0.8544303797468354,
  "votingsSuccessRate": 0.8383233532934131,
  "uniformityScore": 0.8127088287364582,
  "participationRate": 0.7676076418591389,
  "abstentionRate": 0.15311425555028724
}