{
  "id": "0c96deb0-8a5e-4cb7-aea7-b167a0c9f472",
  "name": "FDP/Tierschutzpartei",
  "seats": 6,
  "applicationsSuccessRate": 0.8580246913580247,
  "votingsSuccessRate": 0.8394342762063228,
  "uniformityScore": 0.8102458625331603,
  "participationRate": 0.769134775374376,
  "abstentionRate": 0.1515295777727385
}