{
  "id": "12c83b4a-a7ab-4965-a642-06add6a7fcd5",
  "name": "CDU",
  "seats": 10,
  "applicationsSuccessRate": 0.8851351351351351,
  "votingsSuccessRate": 0.8302828618968386,
  "uniformityScore": 0.9341949048076962,
  "participationRate": 0.7137271214642263,
  "abstentionRate": 0.07709956099805514
}