{
  "id": "12c83b4a-a7ab-4965-a642-06add6a7fcd5",
  "name": "CDU",
  "membersCount": 10,
  "applicationsSuccessRate": 0.8802816901408451,
  "votingsSuccessRate": 0.8092386655260907,
  "uniformityScore": 0.9344505173638903
}