{
  "id": "12c83b4a-a7ab-4965-a642-06add6a7fcd5",
  "name": "CDU",
  "seats": 10,
  "applicationsSuccessRate": 0.8802816901408451,
  "votingsSuccessRate": 0.8280581693755347,
  "uniformityScore": 0.9344505173638903,
  "participationRate": 0.7153122326775021,
  "abstentionRate": 0.07702937837780408
}