{
  "id": "12c83b4a-a7ab-4965-a642-06add6a7fcd5",
  "name": "CDU",
  "membersCount": 10,
  "applicationsSuccessRate": 0.8778625954198473,
  "votingsSuccessRate": 0.8099630996309963,
  "uniformityScore": 0.9319471384166104
}