{
  "id": "12c83b4a-a7ab-4965-a642-06add6a7fcd5",
  "name": "CDU",
  "seats": 10,
  "applicationsSuccessRate": 0.8662420382165605,
  "votingsSuccessRate": 0.8266033254156769,
  "uniformityScore": 0.9333425865323038,
  "participationRate": 0.7209026128266033,
  "abstentionRate": 0.08249038399966492
}