{
  "id": "12c83b4a-a7ab-4965-a642-06add6a7fcd5",
  "name": "CDU",
  "seats": 10,
  "applicationsSuccessRate": 0.8633540372670807,
  "votingsSuccessRate": 0.8306878306878307,
  "uniformityScore": 0.9338951264572551,
  "participationRate": 0.7241118669690099,
  "abstentionRate": 0.0812621972111069
}