{
  "id": "31c2810c-2e4f-4f2f-9636-060ff98e714a",
  "name": "AfD",
  "seats": 8,
  "applicationsSuccessRate": 0.09090909090909091,
  "votingsSuccessRate": 0.5898502495840267,
  "uniformityScore": 0.987788369755592,
  "participationRate": 0.7061148086522463,
  "abstentionRate": 0.1137157397794927
}