{
  "id": "31c2810c-2e4f-4f2f-9636-060ff98e714a",
  "name": "AfD",
  "membersCount": 8,
  "applicationsSuccessRate": 0.09411764705882353,
  "votingsSuccessRate": 0.5851154833190761,
  "uniformityScore": 0.9876924324763467
}