{
  "id": "31c2810c-2e4f-4f2f-9636-060ff98e714a",
  "name": "AfD",
  "seats": 8,
  "applicationsSuccessRate": 0.07692307692307693,
  "votingsSuccessRate": 0.5774754346182918,
  "uniformityScore": 0.9881564008777208,
  "participationRate": 0.7127739984882842,
  "abstentionRate": 0.11457008090938935
}