{
  "id": "31c2810c-2e4f-4f2f-9636-060ff98e714a",
  "name": "AfD",
  "seats": 8,
  "applicationsSuccessRate": 0.07920792079207921,
  "votingsSuccessRate": 0.5787806809184481,
  "uniformityScore": 0.9876629175809591,
  "participationRate": 0.7126880443388757,
  "abstentionRate": 0.11101050094728056
}