{
  "id": "480fb9f1-2032-49e3-b671-7eec6265fec0",
  "name": "SPD",
  "seats": 10,
  "applicationsSuccessRate": 0.8883720930232558,
  "votingsSuccessRate": 0.9239904988123515,
  "uniformityScore": 0.9835200346235258,
  "participationRate": 0.7760095011876484,
  "abstentionRate": 0.023082973798192463
}