{
  "id": "480fb9f1-2032-49e3-b671-7eec6265fec0",
  "name": "SPD",
  "membersCount": 10,
  "applicationsSuccessRate": 0.90625,
  "votingsSuccessRate": 0.9289991445680068,
  "uniformityScore": 0.9838913331391059,
  "participationRate": 0.7635184272052474
}