{
  "id": "480fb9f1-2032-49e3-b671-7eec6265fec0",
  "name": "SPD",
  "seats": 10,
  "applicationsSuccessRate": 0.9068627450980392,
  "votingsSuccessRate": 0.93261231281198,
  "uniformityScore": 0.9844270195770631,
  "participationRate": 0.7712978369384359,
  "abstentionRate": 0.02123554785499199
}