{
  "id": "480fb9f1-2032-49e3-b671-7eec6265fec0",
  "name": "SPD",
  "membersCount": 10,
  "applicationsSuccessRate": 0.8953488372093024,
  "votingsSuccessRate": 0.9280442804428044,
  "uniformityScore": 0.9841902357131125
}