{
  "id": "480fb9f1-2032-49e3-b671-7eec6265fec0",
  "name": "SPD",
  "seats": 10,
  "applicationsSuccessRate": 0.8933333333333333,
  "votingsSuccessRate": 0.9259259259259259,
  "uniformityScore": 0.9833736776830293,
  "participationRate": 0.7787603930461073,
  "abstentionRate": 0.0222429881795981
}