{
  "id": "a316cf77-a957-42f4-add2-3cd6212f6389",
  "name": "Oberbürgermeisterin",
  "seats": 1,
  "applicationsSuccessRate": 1,
  "votingsSuccessRate": 0.7321131447587355,
  "uniformityScore": 1,
  "participationRate": 0.8427620632279534,
  "abstentionRate": 0.10430786284800443
}