{
  "id": "a316cf77-a957-42f4-add2-3cd6212f6389",
  "name": "Oberbürgermeisterin",
  "seats": 1,
  "applicationsSuccessRate": 1,
  "votingsSuccessRate": 0.7354497354497355,
  "uniformityScore": 1,
  "participationRate": 0.8526077097505669,
  "abstentionRate": 0.10847689502234986
}