{
  "id": "a316cf77-a957-42f4-add2-3cd6212f6389",
  "name": "Oberbürgermeisterin",
  "seats": 1,
  "applicationsSuccessRate": 1,
  "votingsSuccessRate": 0.7262617621899059,
  "uniformityScore": 1,
  "participationRate": 0.8383233532934131,
  "abstentionRate": 0.10353948746781731
}