{
  "id": "a316cf77-a957-42f4-add2-3cd6212f6389",
  "name": "Oberbürgermeisterin",
  "seats": 1,
  "applicationsSuccessRate": 1,
  "votingsSuccessRate": 0.7715996578272027,
  "uniformityScore": 1,
  "participationRate": 0.8373319727824694,
  "abstentionRate": 0.10353948746781731
}