{
  "id": "a316cf77-a957-42f4-add2-3cd6212f6389",
  "name": "Oberbürgermeisterin",
  "seats": 1,
  "applicationsSuccessRate": 1,
  "votingsSuccessRate": 0.730799683293745,
  "uniformityScore": 1,
  "participationRate": 0.8471892319873318,
  "abstentionRate": 0.10952454342605888
}