{
  "id": "c2aa86cd-7b8e-4e1c-b489-3b535f1be029",
  "name": "DIE LINKE",
  "seats": 8,
  "applicationsSuccessRate": 0.8633540372670807,
  "votingsSuccessRate": 0.8652246256239601,
  "uniformityScore": 0.9600250213395121,
  "participationRate": 0.7700707154742097,
  "abstentionRate": 0.0876737866691715
}