{
  "id": "c2aa86cd-7b8e-4e1c-b489-3b535f1be029",
  "name": "DIE LINKE",
  "seats": 8,
  "applicationsSuccessRate": 0.8294117647058824,
  "votingsSuccessRate": 0.8558986539984165,
  "uniformityScore": 0.9594137784194002,
  "participationRate": 0.7689034045922407,
  "abstentionRate": 0.08789138617726384
}