{
  "id": "c2aa86cd-7b8e-4e1c-b489-3b535f1be029",
  "name": "DIE LINKE",
  "membersCount": 8,
  "applicationsSuccessRate": 0.8675496688741722,
  "votingsSuccessRate": 0.853721129170231,
  "uniformityScore": 0.9613694618346112,
  "participationRate": 0.7814071921308338
}