{
  "id": "c2aa86cd-7b8e-4e1c-b489-3b535f1be029",
  "name": "DIE LINKE",
  "membersCount": 8,
  "applicationsSuccessRate": 0.8686131386861314,
  "votingsSuccessRate": 0.8551660516605166,
  "uniformityScore": 0.9610611915765022
}