{
  "id": "c2aa86cd-7b8e-4e1c-b489-3b535f1be029",
  "name": "DIE LINKE",
  "seats": 8,
  "applicationsSuccessRate": 0.8258426966292135,
  "votingsSuccessRate": 0.8578987150415722,
  "uniformityScore": 0.9604419891873861,
  "participationRate": 0.7762660619803476,
  "abstentionRate": 0.08522096882541139
}