{
  "id": "d6db336f-1f1a-4eb9-b743-1c18e39259f8",
  "name": "Gartenpartei/Tierschutzallianz",
  "seats": 3,
  "applicationsSuccessRate": 0.42857142857142855,
  "votingsSuccessRate": 0.672713529856387,
  "uniformityScore": 0.8692119975832007,
  "participationRate": 0.8422776518014613,
  "abstentionRate": 0.1307898291179586
}