{
  "id": "d6db336f-1f1a-4eb9-b743-1c18e39259f8",
  "name": "Gartenpartei/Tierschutzallianz",
  "membersCount": 3,
  "applicationsSuccessRate": 0.4479166666666667,
  "votingsSuccessRate": 0.6441402908468776,
  "uniformityScore": 0.8643823204859604,
  "participationRate": 0.8495691806773464,
  "abstentionRate": 0.12981054547775672
}