{
  "id": "d6db336f-1f1a-4eb9-b743-1c18e39259f8",
  "name": "Gartenpartei/Tierschutzallianz",
  "seats": 3,
  "applicationsSuccessRate": 0.45714285714285713,
  "votingsSuccessRate": 0.6738768718801996,
  "uniformityScore": 0.8654478234600008,
  "participationRate": 0.8527454242928453,
  "abstentionRate": 0.12768000353559691
}