{
  "id": "d6db336f-1f1a-4eb9-b743-1c18e39259f8",
  "name": "Gartenpartei/Tierschutzallianz",
  "seats": 3,
  "applicationsSuccessRate": 0.43243243243243246,
  "votingsSuccessRate": 0.667458432304038,
  "uniformityScore": 0.870359719704723,
  "participationRate": 0.8411190287674848,
  "abstentionRate": 0.12987366459046615
}