{
  "id": "d6db336f-1f1a-4eb9-b743-1c18e39259f8",
  "name": "Gartenpartei/Tierschutzallianz",
  "membersCount": 3,
  "applicationsSuccessRate": 0.43956043956043955,
  "votingsSuccessRate": 0.6420664206642066,
  "uniformityScore": 0.8652072489124629
}