{
  "id": "ea9523a9-2825-427f-98b1-ee5cfc59651b",
  "name": "GRÜNE/future!",
  "seats": 11,
  "applicationsSuccessRate": 0.797979797979798,
  "votingsSuccessRate": 0.889944576405384,
  "uniformityScore": 0.9407243531562136,
  "participationRate": 0.7689483912761822,
  "abstentionRate": 0.048528543532896797
}