{
  "id": "ea9523a9-2825-427f-98b1-ee5cfc59651b",
  "name": "GRÜNE/future!",
  "seats": 11,
  "applicationsSuccessRate": 0.7959183673469388,
  "votingsSuccessRate": 0.8901830282861897,
  "uniformityScore": 0.9415174800066061,
  "participationRate": 0.766979276962638,
  "abstentionRate": 0.046739522193102505
}