{
  "id": "ea9523a9-2825-427f-98b1-ee5cfc59651b",
  "name": "GRÜNE/future!",
  "seats": 11,
  "applicationsSuccessRate": 0.8,
  "votingsSuccessRate": 0.890400604686319,
  "uniformityScore": 0.9397750086595947,
  "participationRate": 0.7704940562083419,
  "abstentionRate": 0.04802629068046982
}