{
  "id": "ea9523a9-2825-427f-98b1-ee5cfc59651b",
  "name": "GRÜNE/future!",
  "membersCount": 11,
  "applicationsSuccessRate": 0.7883597883597884,
  "votingsSuccessRate": 0.8776732249786142,
  "uniformityScore": 0.9412696519628292,
  "participationRate": 0.7685244058094045
}